{
  "feature_cols": [
    "open",
    "high",
    "low",
    "close",
    "volume"
  ],
  "mean": [
    3255.4794921875,
    3255.8310546875,
    3255.126220703125,
    3255.477783203125,
    527.9417724609375
  ],
  "std": [
    832.8668212890625,
    832.9229736328125,
    832.8077392578125,
    832.863037109375,
    2831.378173828125
  ]
}